,axis1,axis2,axis3,label
0,65.28904205398047,-1.8496447168512973,7.710889966349228,0
1,67.08725259741075,-1.4232795932725149,8.273691715757703,0
2,65.48738609316236,-1.45948129781211,7.780424787371497,0
3,63.519946676866134,-1.2267546763316373,7.225440569246692,0
4,66.52812762739636,-3.8975891245773626,8.104916387521468,0
5,66.94331582224724,-1.8174528742553226,8.997282585550563,0
6,65.13878083976884,-2.3012087056289663,8.312040012583749,0
7,65.75472304961542,-3.195661734259398,8.893104668528508,0
8,65.73798269376312,-4.655607197736516,9.981326198460017,0
9,66.14872167446724,-1.7692906758130147,8.858471929741507,0
10,67.792756025591,-2.1383018222090886,9.864142672808375,0
11,65.9064176736902,-4.155477218156662,9.191356521465591,0
12,65.99572169490104,-3.7796686336992438,8.974726799457347,0
13,66.43529124955732,-3.975754655886461,9.380306903324389,0
14,65.83477126006395,-1.2106680652801478,8.953267684631276,0
15,66.87630690763451,-2.6718995569450037,7.862812609222836,0
16,66.64783085622024,-3.6594589910736435,8.937103416755297,0
17,65.17299522775004,-2.8849297218805474,8.695097431838597,0
18,66.79484647838846,-2.6534544649253977,7.892565712608022,0
19,67.62872868124653,-1.8184056470563135,9.196727917611339,0
20,67.21709942353817,-2.9021522780531264,9.754462159955947,0
21,65.95331683590972,-2.069641531877818,8.479736336538926,0
22,66.08538013100112,-5.173782449678377,8.459642569226448,0
23,66.09346875113442,-1.1936265428648833,7.115484685582827,0
24,66.15369949763861,-3.215437522841298,9.530360740764838,0
25,66.04952998361698,-1.0423738635690631,7.378990796050521,0
26,67.44774639114472,-1.1057648759039964,8.57320011402851,0
27,66.60978868938663,-3.098572494937198,9.802522046365198,0
28,67.55999815168609,-2.1552681190489595,9.454220712106634,0
29,66.9349170894611,-3.297272317932318,8.075015507541767,0
30,67.21026944583004,-1.8185843365479428,8.774481333260226,0
31,67.00771871262809,-2.789848988897942,8.269793064683052,0
32,67.82902106061276,-2.0405249053971026,8.675905525632253,0
33,65.62835381004255,-1.5532682996095162,8.65196702066226,0
34,67.35142052546558,-2.0247556090281944,9.2500845603257,0
35,64.97327904714601,-1.811830335112409,8.991733268061164,0
36,66.77482437894069,-2.1693111614399885,7.444470625074739,0
37,66.89487113023705,-2.9464896592604424,9.369804451442395,0
38,64.81576878893522,-2.8757680112161546,9.300376634632059,0
39,65.86484844106297,-2.8637793155762696,10.108768375004315,0
40,66.19593529438632,-2.683230126074217,9.731532030358025,0
41,65.62963805391502,-1.5703628431921908,9.016864124341568,0
42,66.13383363414304,-2.5857426604898426,8.811338688230045,0
43,67.1675088441171,-3.3295646644241406,9.748633399489163,0
44,64.40202734302349,-1.3999816615092981,7.491529104532849,0
45,65.67322878350457,-1.2238787686282344,9.386608771199898,0
46,65.11770539598723,-3.106547865888608,8.592361533632616,0
47,66.26510342235167,-3.147671802805417,9.867021685440807,0
48,65.02122948015798,-2.355968898317654,9.375432950261992,0
49,65.9125950831811,-2.74138848076935,10.500929555777063,0
50,66.41142531179034,-3.0847272327571504,8.410676372479433,0
51,67.56245917107987,-2.727577343716305,9.290711452941316,0
52,66.09223403808357,-2.149211254467301,10.161720666749998,0
53,66.06999806473537,-3.0451969042650666,9.699229493997986,0
54,67.84148827191014,-4.131137565631086,10.838482801395212,0
55,65.61766139510632,-2.339240204541061,8.419070525131463,0
56,65.89400799878854,-1.720935610595784,8.772470158325346,0
57,68.42523133370983,-2.2642013145351663,12.12785187614114,0
58,66.30484660316397,-3.0646888410061335,11.982197279279431,0
59,67.20917154936441,-2.62893813769549,10.896882023607837,0
60,65.44223347475216,-4.669980374523971,10.13112456245276,0
61,67.19165204257865,-2.7286647200163032,11.11292939834533,0
62,66.4882607332468,-3.041146439667827,9.625773393068373,0
63,65.74839156749515,-1.514229186190604,8.555632597579832,0
64,63.90174930847851,-2.479415650001434,10.915486858658312,0
65,65.73587339916389,-2.7995409707931107,9.034316708685962,0
66,65.95947647507971,-2.8160761800579546,9.842841946773667,0
67,65.24883425764011,-3.057405853646978,11.424214164103821,0
68,66.50569117461933,-2.828390045479311,9.49652372460168,0
69,67.20482182194395,-1.9369720829798363,10.75606619053812,0
70,67.67315577620391,-2.016059148496346,10.666278820138485,0
71,67.55954484292121,-1.5876521943688964,10.457257165159588,0
72,64.39234288166007,-3.1181232689087723,7.929231222008706,0
73,66.0158191879022,-4.836989402887276,11.800161821081518,0
74,66.37927171047535,-3.502443576784888,10.230008230094368,0
75,65.87254410721773,-2.139667136300622,11.162146980404698,0
76,67.6987744508588,-3.527353294768932,10.175915711665532,0
77,64.02750562985403,-4.328761112900796,10.893149663375283,0
78,65.11704372454773,-3.040799320575052,10.9733808089662,0
79,65.6209787583559,-3.7917944401487955,10.891597213905325,0
80,66.88253292216024,-3.3928339014195745,10.503624158445351,0
81,64.85860480089477,-1.2280776338140338,8.852278276615836,0
82,64.60709558889374,-3.4410339905859098,9.125035157601879,0
83,66.10950045410746,-1.2622962615451627,10.331139328819667,0
84,66.36850669947803,-2.509042898430705,11.852248807285747,0
85,66.34064730227838,-2.442873825316721,10.158475494857155,0
86,64.50633174011716,-1.963559144508899,9.25015069065992,0
87,65.16673659109011,-1.7582838479725644,9.834172571669678,0
88,64.84717169360371,-1.7752924757579578,9.010944064072095,0
89,64.86560243905339,-1.848055540001815,8.31772660724204,0
90,64.61667947919838,-0.5875706056768865,9.238008642082782,0
91,67.80677479903973,-3.411755573459327,10.889199343524966,0
92,66.48527382812837,-1.9683854300392363,12.254947364727272,0
93,63.89383962239464,-1.459370207527099,10.116303336692312,0
94,64.97798180249976,-2.298536438385384,8.875963680121227,0
95,62.73269567632942,-3.265642237823674,10.649598763250056,0
96,66.59272203183846,-2.2225456397710586,9.866870689638802,0
97,65.54989095822508,-3.25015348483034,9.652850142950456,0
98,65.38077680332319,-2.144217167450393,10.91826138230967,0
99,66.03258561812108,-2.8843173377692612,9.107121152445977,0
100,67.63565769919354,-3.1169092113650074,10.715706283583367,0
101,67.05223507573068,-3.1886690491840994,10.664583930420822,0
102,66.25514873210054,-2.2731169632634383,11.039058382017872,0
103,65.61880125720823,-0.8825059243212029,8.496929188608377,0
104,67.99415744834633,-4.062455501769656,10.76624030781831,0
105,66.93586167149293,-3.940981131662308,9.988401998466259,0
106,65.95104218470136,-3.4890685278276936,9.10434903625215,0
107,65.57217659764379,-2.5543372235437993,10.135441253756486,0
108,67.1117144012242,-3.4729099690135192,9.692170197397074,0
109,66.34966908292968,-1.7599339743289923,11.235868762247636,0
110,65.26407060966457,-4.151954837533017,8.692942841601656,0
111,65.69227618557736,-2.600535717383677,10.568835575457323,0
112,65.04693406381655,-2.550632117276938,10.225832960608182,0
113,64.71436170644161,-3.7599165284671443,8.345710736446133,0
114,65.31228718901718,-1.9437304044003547,9.58976244220244,0
115,64.54373259371603,-0.9184676871365545,9.628589154685908,0
116,64.77806256813531,-2.8187666642631406,7.858440355521857,0
117,66.81480171070605,-2.2560034336681856,10.66043728119539,0
118,66.24117227265558,-2.879081601571283,9.413566813939186,0
119,67.1941001068808,-4.388205993780671,10.251976270488449,0
120,64.90810803535166,-0.666574215760664,9.036018238413822,0
121,66.1462900613206,-2.776101154134525,9.537329776813161,0
122,66.38240227622731,-2.9046984886122758,10.040363504473188,0
123,67.39047385190744,-2.6990865852778883,9.470098684881036,0
124,64.60301492203675,-3.1383147644152722,9.85291613246632,0
125,65.21265818643796,-3.6597271252629544,10.767755398990195,0
126,66.0384540018479,-2.4170530086173585,9.554447319145044,0
127,65.48933394734397,-3.519425641116755,10.010230562246427,0
128,67.12979863337573,-3.449341776281853,11.484340581504098,0
129,65.4435274464851,-2.0872161045210875,8.67504920979984,0
130,64.4477261508312,-2.9781912740059875,9.638338605165377,0
131,67.07064800941619,-1.7776390735181595,8.33698203253661,0
132,65.5700767060489,-1.8731375007821414,9.851484281135365,0
133,67.01289061633265,-3.3658990682135452,10.469220840671557,0
134,66.2019855427807,-3.695555334759288,11.100900954241311,0
135,66.69512556856402,-2.1832233880887166,8.905770353565773,0
136,65.82939046305646,-2.5800360034048047,8.949933518899796,0
137,67.55831150034446,-2.8718864564444333,11.520570477532363,0
138,66.5788990809802,-3.621315065797028,9.15898045632315,0
139,65.28587163437915,-1.5139910686789781,8.479062237084063,0
140,63.71419032428856,-2.9269414669419542,9.702385299297298,0
141,64.89292452094288,-4.29559484077026,8.787838833634522,0
142,65.0822858252547,-2.486417998279958,10.042253262156736,0
143,65.25556117916771,-3.397642142207504,8.877957382962839,0
144,64.90227197439754,-2.496237368781625,8.75344409296652,0
145,67.33303717205325,-2.7368351234838615,9.423364953758972,0
146,65.72469226964235,-2.101024295362034,8.961399953441546,0
147,65.8937969964273,-2.9043001282792553,11.257516165948074,0
148,65.1909547990435,-3.9528445230534786,8.513361920088219,0
149,64.09133058148848,-1.8010519097522069,8.936366050222244,0
150,63.85460774078782,-2.80029508002321,9.151949939023927,0
151,66.26689851722415,-3.2532085763354903,10.495174357519266,0
152,66.1213689716137,-3.301923275345643,9.906623576693203,0
153,65.50244247087217,-2.6871861922242686,9.548736844907339,0
154,66.36101143146817,-2.2591098841236272,9.827066988432264,0
155,65.80609985182102,-3.6423065702859314,11.141572632549655,0
156,64.56677087886939,-2.5533700115396125,9.948343730218872,0
157,61.945618537387034,2.958794882662232,14.627913762976078,0
158,65.10785277988218,-3.707615887809689,12.36668459220399,0
159,65.21878808629124,-1.9156686574484152,10.25241174415781,0
160,64.73122337822025,-2.9318403575004885,10.730373398398557,0
161,66.26315358308774,-2.907162996242719,10.084421180078609,0
162,65.4160796136975,-2.9020795777307917,10.481465648069337,0
163,66.25454871810888,-3.294295040171891,9.019933165088572,0
164,66.39429399757421,-2.1093536715258048,9.190215953375803,0
165,65.89488882227471,-3.63613332596947,10.417057386737747,0
166,66.41300638160389,-2.357423579492666,9.224023041200049,0
167,66.07777829353812,-3.1243612826638008,10.786218783085976,0
168,66.46735210356881,-2.0798090104846136,9.492442380190425,0
169,67.085433427513,-4.0622641732012985,9.153042783057623,0
170,64.00005940534768,-1.414846663723596,10.121000672140681,0
171,65.90901594957775,-2.0799911838130667,9.523118188484721,0
172,65.03715242419227,-1.6028210103196796,8.634550434992942,0
173,66.00517834673049,-2.5537675699055686,8.333547313725685,0
174,63.74121593615117,-2.0132438612715333,10.033039110687298,0
175,64.93679051949367,-2.1537200209460523,8.351325935489083,0
176,63.00655943055275,-2.649687539830887,9.388828517575657,0
177,65.46017021242953,-2.3516431474912647,10.16843593591478,0
178,63.8938526888735,-2.0698383368629236,10.644760456403692,0
179,65.91805011352888,-3.251386155918934,10.689388697859597,0
180,66.29084365593718,-3.511563865059054,9.601804768066463,0
181,65.43934330093155,-2.667598083021922,9.810924310860447,0
182,66.81477822673686,-2.9860435433123715,7.971624274299812,0
183,64.78989604734262,-3.5762821690011255,9.746770142161719,0
184,66.02503067217263,-2.243359562372065,9.316277705093462,0
185,65.1684800351936,-1.9770658504291427,9.855585566275986,0
186,65.39834311334987,-3.3315267820261214,9.54789835795605,0
187,65.79358206846506,-2.132122408491493,9.391006242757262,0
188,63.97159203881844,-3.2149547666209797,9.113746738184735,0
189,66.55542337729008,-2.8340686206332646,9.569059686639797,0
190,65.78232317579901,-2.682089320003266,8.728984242030059,0
191,63.732042099681244,-2.99156816528057,10.00321406557125,0
192,64.88476186951577,-1.6663668524836457,9.447899376669735,0
193,66.50117637050121,-3.5326665144572114,9.660559111448148,0
194,65.46748105087121,-3.3244526014273723,9.818379551956061,0
195,67.09491266880867,-5.026585729436036,10.611940381113147,0
196,66.42291000365799,-4.809705789512013,10.348107205788686,0
197,65.62010760169042,-2.5083187423134845,8.890949682657357,0
198,63.312747595451256,-3.4445580874262784,9.057300717786603,0
199,66.95625010638703,-3.289669248426295,10.179119654048522,0
200,63.31251674592034,-2.8126115588428875,9.824729026099927,0
201,65.92452013501901,-2.5665970067227213,8.216368792195313,0
202,64.46424752908582,-3.1784051744800363,10.2069091536712,0
203,65.98283640575276,-2.4981503243477734,10.232550308171795,0
204,65.30342299994656,-2.7437483854055453,9.393956715413871,0
205,64.52650423936426,-2.0190509341471343,8.718545960230877,0
206,62.458457961859516,-2.1421790225123782,10.138051646837894,0
207,66.14226453130097,-4.045939779477957,9.641836130738989,0
208,66.82318085404314,-2.520738562067059,9.581500982793433,0
209,61.89617375963555,-1.5838079962769354,11.384013943199566,0
210,64.24445976469198,-2.174320759224954,10.4576158575095,0
211,65.68007080459182,-2.529772522307936,10.525821027383701,0
212,64.196409854888,-4.224794792791033,9.86021579781323,0
213,64.90115734315077,-3.0020111879763354,9.6738993486262,0
214,65.17236303074799,-2.6997718068944527,10.966782922793778,0
215,64.80691665523872,-2.4760709047426275,10.248690084237337,0
216,65.06593368960631,-8.874177257516639,-7.983052760141066,1
217,65.09812179287336,-9.718720340716379,-7.80082176576024,1
218,65.14904261442408,-9.883855021373048,-8.893103678741827,1
219,66.70933048551738,-10.244069939415875,-9.304933720983014,1
220,65.92398261406005,-9.801829813381678,-9.341303022171534,1
221,64.62814266719595,-9.028839303619417,-9.019262868454144,1
222,65.40217136567122,-8.964804242423245,-9.04593202484889,1
223,65.57410684958992,-9.476769842511347,-8.390898447532008,1
224,65.54168471433107,-9.85994452573605,-9.215846676274264,1
225,65.26944539715413,-9.64073167702376,-9.149339625028922,1
226,65.26469183748996,-9.73075485262398,-9.083221215401403,1
227,65.42846126131653,-9.815642397463636,-10.288376621229466,1
228,65.96890420835216,-8.626078670225395,-8.875632889009724,1
229,66.27413501636205,-9.986405273507708,-8.544406633691132,1
230,65.7527317676518,-9.946541938607481,-9.473997790031914,1
231,64.90989983264895,-9.661960247406721,-8.742109086365565,1
232,64.86783042788555,-9.685099291009323,-8.554966565816368,1
233,65.38561278791927,-9.55687349431469,-8.182149753110366,1
234,65.64221025550641,-8.662164465614287,-9.436845652021502,1
235,65.12093705082646,-10.117094281693621,-9.607812772234269,1
236,65.2788687585434,-7.5855679327089325,-9.377005322757915,1
237,64.85395536991349,-9.088360267918025,-9.172052357159307,1
238,64.71062097376247,-8.84929054922233,-9.242084107952358,1
239,65.19033824680903,-9.967463549714665,-8.524994448345604,1
240,64.8475088722838,-8.352539277516646,-8.26945196947989,1
241,65.59465177907288,-9.732881677857332,-7.883874405035337,1
242,65.70462820791002,-8.814271122783975,-9.93660585927797,1
243,64.91421464972319,-9.621173739506956,-10.292563309508543,1
244,64.89461168548253,-8.70650012518508,-8.73977673762892,1
245,66.66452334606906,-10.305338437527839,-7.142149341961252,1
246,65.45585800225044,-10.403082070959771,-8.036722309038241,1
247,64.95035449911454,-9.651087423647589,-8.067538966246307,1
248,64.9519429935994,-9.401504492365131,-9.814648191076447,1
249,66.05149523878872,-10.276113738307023,-9.384759165942006,1
250,66.34554454923996,-9.45357433156436,-9.073509594077823,1
251,64.18228383854418,-8.174371266066975,-9.043438986589997,1
252,65.81295801389464,-9.306495775690474,-8.320254627103,1
253,65.85560170129061,-9.316258819441872,-7.478647981744484,1
254,67.47641459744638,-8.463801256370237,-10.806865151111046,1
255,65.99426336210054,-9.35349119969443,-9.066868052851143,1
256,64.66163170360483,-9.283929775677356,-9.466344801879673,1
257,67.43106042685915,-11.306751607181585,-9.11585159320253,1
258,65.02860916910444,-8.332004097814755,-8.980758629437368,1
259,64.89044648356467,-8.304529309225783,-9.171130195833973,1
260,66.18351934108674,-9.957850576661993,-10.085025609880443,1
261,65.41965479018711,-9.211861216383223,-8.808022037784397,1
262,66.04138149463733,-8.979647386657433,-9.7154282590635,1
263,66.44373101041529,-9.933268828359322,-9.49042064893316,1
264,64.56297696339685,-8.679036675093592,-8.632857992447088,1
265,66.01206339542851,-10.615278669398432,-9.241108461758257,1
266,65.89795227203281,-8.756311199572854,-8.157383184284539,1
267,66.95309549992636,-9.967621189367929,-8.66655443211083,1
268,66.166008663064,-9.98716970691984,-8.046499638800862,1
269,65.93557123575985,-9.966237937174089,-10.336956498692139,1
270,65.65882894117668,-8.882077953590704,-8.423645000892984,1
271,66.29321774233593,-9.337187781615526,-10.709221968765043,1
272,65.68989089914182,-8.810334057802654,-10.218380729774662,1
273,66.93892878672197,-8.738437716661736,-10.123590964459197,1
274,66.21467536525896,-10.184946102625258,-9.966799384081677,1
275,64.70533418779027,-8.504753614681265,-9.142165907667634,1
276,65.66578818660533,-10.333645249511083,-8.818992919293308,1
277,66.84679142060847,-9.820335891578903,-8.251208688434383,1
278,64.98278169707423,-9.364730075024346,-9.256683844348712,1
279,64.94646313722602,-10.082458260451025,-9.761171148050263,1
280,65.38674253337634,-9.322397889667233,-9.267935064465325,1
281,66.0124920221119,-9.507146982188566,-10.489698250418437,1
282,65.92416598806446,-10.69759006656327,-8.473929217103914,1
283,66.3249249853304,-8.34153042757916,-9.005481412246063,1
284,65.21184128272174,-8.919539086062908,-8.552360533812857,1
285,66.28707889615232,-10.190029684521825,-9.197485238060631,1
286,64.22878357939884,-8.896229805486417,-11.308412045056542,1
287,66.02577182022873,-8.90586842768499,-8.891407776460788,1
288,65.28261263701437,-8.713877382657767,-9.274122205980355,1
289,65.15085921212142,-9.01750824931374,-8.255316485357794,1
290,66.09892868213306,-11.011836647493082,-10.210172970532131,1
291,65.39042857880817,-9.13279583990564,-9.251399001618974,1
292,65.09799186822445,-10.385886220355875,-9.414509962544383,1
293,66.40146400188229,-9.886331814974534,-10.595560551730257,1
294,65.27178257947467,-10.003559046450567,-9.531884629051273,1
295,66.94900316638187,-10.183877740297444,-9.33192251505094,1
296,67.1137489628647,-9.691235437156521,-9.357699555598293,1
297,64.62285502404136,-10.041092715307666,-9.875532794632067,1
298,65.2455923948032,-9.637004859306696,-7.904098168935478,1
299,65.36441408072777,-10.78791501884548,-7.03088481118281,1
300,65.49423523887152,-9.280062598251176,-10.241814219511552,1
301,65.10710130595734,-9.827963252483977,-10.411240736645558,1
302,64.87405183746526,-8.43593003828955,-10.636103502499015,1
303,65.93631646516326,-9.525238209447643,-10.141786472727611,1
304,65.86818354966091,-8.935663213029313,-8.1127869657517,1
305,65.45944526297625,-9.176874770713791,-10.199325884236071,1
306,66.02524261356989,-10.455987683466333,-9.125897530838357,1
307,64.70686542838371,-10.352624953131322,-9.246492264760644,1
308,67.24244651344372,-10.190693942187451,-7.144830850541506,1
309,65.23554712809583,-9.66713060999076,-8.11870469073988,1
310,67.67533424088165,-10.614855882868303,-9.473108446060223,1
311,65.27739675860676,-8.359681010275656,-9.772240252355594,1
312,65.98098226537694,-10.196014391868621,-8.963584413463588,1
313,64.93003369569172,-8.131113866493585,-10.002362751845913,1
314,65.73906826943141,-9.657825615007487,-8.909287059533954,1
315,65.77067363351702,-10.083992983520627,-10.882578290283437,1
316,65.08686970384382,-9.434750608694154,-10.230676576034377,1
317,64.5112075413637,-8.499949310864423,-10.736480299527678,1
318,66.29537765448781,-9.388596876290174,-9.689537763940574,1
319,65.66420503447569,-9.645220018881599,-9.913918642031504,1
320,65.43431770800471,-8.739619782878712,-9.49122103727839,1
321,65.33502551522965,-9.459873696384543,-11.930423442691975,1
322,65.66769441978103,-10.025266567780491,-8.653371832959781,1
323,65.3903292904983,-10.131383955651694,-8.737614457615873,1
324,65.13196977256258,-9.523573186931761,-8.834251331768588,1
325,64.52559118490706,-11.049360495942485,-9.957573717414338,1
326,65.86257137975174,-9.622138714760213,-8.678183430483474,1
327,63.73401717983434,-9.819946726634898,-9.777303283539679,1
328,64.76407308635643,-7.908284978872819,-9.72714999254548,1
329,65.98092142919675,-9.507518620225227,-12.76392967935366,1
330,65.72577753896746,-9.48915718385083,-9.81249917044552,1
331,65.17894796731214,-8.97652477548991,-9.48875525362327,1
332,66.46040669930412,-9.216957795711462,-7.6883026629529825,1
333,65.90563119054671,-9.606685149628952,-9.27043127633824,1
334,66.15837507084895,-11.654754028406952,-9.054837354864807,1
335,65.32310233223558,-9.680938075466281,-9.60969103483664,1
336,65.10183854825097,-8.68222967436575,-9.888091333255433,1
337,65.79510930574183,-10.159370532571504,-10.120766415908518,1
338,63.773333335228294,-8.727942450789337,-10.887195641557973,1
339,66.21344228985362,-11.225955772004163,-9.754416603180559,1
340,64.61736336449079,-9.351807598787646,-10.031145407104095,1
341,64.36033539220216,-8.382022363060928,-10.755774151173814,1
342,65.53844240056459,-9.706935308678196,-9.098934578569061,1
343,65.99293175492238,-9.300674981409713,-9.646871146353309,1
344,66.08246578067164,-10.389414902896887,-9.938137729555605,1
345,66.5320783542003,-8.83044430009838,-10.76649529581731,1
346,67.02100385611838,-9.984810789903008,-9.680867758517195,1
347,65.72691572308486,-10.18024481031901,-10.965639100551622,1
348,66.91162186099173,-9.743651096623555,-9.255328000537508,1
349,65.18126472531713,-9.702333518870487,-8.697224647072952,1
350,66.67947065617494,-7.207068118592915,-11.36547528206858,1
351,66.5572830087024,-9.851098458489039,-9.396887531362681,1
352,65.31504745476109,-9.668504308046572,-9.057992020650358,1
353,66.1370143534689,-9.311167081008264,-7.913800020086959,1
354,66.51767402588989,-10.54492340010907,-8.78706808257878,1
355,64.42102592179339,-8.753405922765008,-10.682111765923986,1
356,65.68339135646107,-9.353940996187118,-9.126680705975076,1
357,64.57659764748072,-8.808584817771427,-9.365963800227155,1
358,64.63184744582485,-9.92007743766598,-11.25971597656884,1
359,65.04837566494108,-8.958110946679831,-9.442808823737414,1
360,64.40713592706756,-9.724533963451227,-12.030120747267219,1
361,66.63335752533935,-10.093410968041052,-8.85307732223625,1
362,65.6510899215186,-8.852165593128477,-8.0044561836211,1
363,66.00001876240951,-9.949321886289857,-10.013032022540072,1
364,65.43635456523339,-10.575522192645948,-9.926739134912292,1
365,66.16415980646232,-10.126042096340734,-8.89262794961086,1
366,65.42385654056146,-9.744596825451152,-9.051640093121003,1
367,63.915582211101764,-8.435648998560167,-8.579980082886996,1
368,65.56389480055668,-9.73105364113813,-7.722827498879683,1
369,66.62561645731144,-10.408683651016828,-7.314791963608653,1
370,65.90606604424157,-10.179876958750189,-8.606397608843192,1
371,66.76375451693885,-9.463918066700113,-7.304603344286574,1
372,65.16457195791747,-9.099697650597033,-8.902301604718499,1
373,64.78821185053869,-8.924377316124492,-7.6787682180165,1
374,65.68357260081822,-9.74898206580457,-9.481081083895862,1
375,65.69021716333546,-9.130638628888818,-8.61639374898741,1
376,65.69850837964638,-9.339161637917426,-9.025424680604361,1
377,64.49339610178001,-9.99707833243578,-8.952922121724034,1
378,65.34106609533717,-8.424923402231318,-7.743815979978125,1
379,64.70075296039371,-9.733278464773413,-9.082472579502202,1
380,66.3872870134707,-9.454126691557475,-7.14832734751359,1
381,64.40084693861859,-8.536188788815455,-6.9350454792489025,1
382,65.25952544595421,-10.17705584653838,-9.239805360959599,1
383,63.98707151976871,-9.159781718567316,-8.886006766788812,1
384,64.38306963448565,-8.862503720799632,-9.250696015927527,1
385,66.31113081698734,-10.114862098700884,-7.938373319730277,1
386,64.48788253202464,-8.243709248108447,-9.29489481471672,1
387,65.22086294216241,-8.854293451662391,-8.104956933068548,1
388,65.59697543274088,-9.069056565711124,-8.775626406727612,1
389,62.60273040938521,-8.46379554557664,-8.846296780351215,1
390,63.51940215242859,-9.194777408467207,-10.813186394649513,1
391,64.64161983374984,-9.322526503304692,-9.503571533358611,1
392,65.70132560385082,-10.203506249675927,-8.883827570678093,1
393,65.36873701597506,-8.614674381193595,-8.741726292995232,1
394,64.52909493072512,-9.323321793863357,-8.947713689256583,1
395,65.8792014227556,-8.999065308582036,-7.539934606580889,1
396,66.19544989875713,-9.299593753556149,-7.525046986633869,1
397,67.93115829403023,-10.70280587181386,-8.180652938573807,1
398,65.94750967822962,-9.251464396122783,-10.251989159723442,1
399,65.55551516846232,-8.739970635353808,-8.805895520494644,1
400,65.2347690085218,-8.357882244317853,-7.372066994401577,1
401,65.49239903629523,-10.029666291914104,-8.648223706269656,1
402,65.33847499230009,-10.048744519945943,-9.874607258594446,1
403,62.929290633629414,-9.053464244012485,-9.326365497272576,1
404,66.82944257860152,-8.654110896352236,-9.032799417221,1
405,65.56138712061934,-8.394469654824709,-8.420377131158709,1
406,64.37702561853284,-8.505211987737448,-10.18475034670268,1
407,64.99163818423148,-9.474900315975553,-8.881012065523517,1
408,64.42075728996507,-8.606323604587349,-7.969219604405639,1
409,65.32424841812166,-8.17202142992001,-7.612809232804376,1
410,65.04244794523622,-8.518681239992901,-8.949634800368946,1
411,65.94240053616016,-9.619166860970077,-8.792894346554206,1
412,64.62244865431066,-8.31537265783966,-6.963121573469675,1
413,65.31154883011924,-8.895997107703037,-8.169004798412166,1
414,66.85519591422229,-8.825015338698456,-8.879173034919711,1
415,66.02165708858789,-8.91422417082324,-8.805594249795881,1
416,64.72991405295429,-8.607895894166807,-7.753148681972703,1
417,65.3628106409961,-9.235504397242414,-9.22742506851134,1
418,65.25967137608879,-9.346834486487817,-9.399944661687003,1
419,64.41349832597689,-8.935193529738424,-8.819681901450867,1
420,65.73307216682898,-8.968939912393115,-8.23379167692812,1
421,66.97450097422573,-9.799497954083696,-9.19459334415314,1
422,64.02194601086948,-8.044462598540308,-8.17495547622309,1
423,65.17904064854866,-7.490848561460993,-8.326173826196609,1
424,64.210717378623,-8.196738771911711,-9.531664843137044,1
425,63.59906884609145,-8.583403631451592,-9.140004262143268,1
426,64.98835458062409,-9.133340192872595,-8.497653039054,1
427,66.39350508512484,-9.67243103832447,-8.717124884680503,1
428,65.56381164330409,-8.893800897921384,-8.868127352940643,1
429,65.71559868033847,-9.910260615228708,-9.43600201150626,1
430,65.43080779851067,-9.912087085493503,-9.989379317182152,1
431,65.0371781430086,-9.111434784594884,-8.698222513995798,1
432,-33.07635271976105,26.98360919332234,-2.7100923573436058,2
433,-35.198748022781835,33.294545478328715,-2.4510715222664805,2
434,-33.760868086391866,29.97396282763596,-2.6001816599788024,2
435,-34.598988039459215,34.13753531921959,-2.2402445399808473,2
436,-35.03994878886051,31.287929728846425,-2.580310411915996,2
437,-34.09570862900612,32.388989074188146,-2.4123688830378867,2
438,-34.85846048033319,32.12836195679579,-1.6673178472675347,2
439,-34.071149503955745,31.984068287257223,-2.4176831524863838,2
440,-35.04518609927845,32.960353742526145,-2.181050085170062,2
441,-35.71907596608106,31.340883137644703,-3.847571592063125,2
442,-33.74456574937501,30.56230989017521,-2.3477043453801496,2
443,-35.88540070947506,32.16251470564889,-3.3017441240012815,2
444,-32.033683514662236,31.31276971413684,-2.1746344280493695,2
445,-35.442365184110024,32.16037450805924,-3.1432171227120325,2
446,-35.22457628726729,33.44144762826876,-2.2679619727601357,2
447,-34.26619113120224,32.67601169492923,-2.414839556128985,2
448,-36.15169794519359,33.10742885955235,-2.726781755245878,2
449,-35.368994021750865,32.32139495833259,-2.2871817539837105,2
450,-35.64554311057476,32.27407490170973,-2.0384717615414814,2
451,-34.54771409556962,30.038520510340284,-3.106885696056796,2
452,-36.12663370821636,31.833494108178456,-2.497061813096311,2
453,-35.10214091000747,32.977038763466126,-1.9579906392051538,2
454,-36.75671496715323,33.46126649164994,-3.4059616092380134,2
455,-35.61938753137837,34.48338228160109,-2.4557128590729635,2
456,-34.891051097629706,31.983055377349796,-2.2965270654987173,2
457,-35.11419883484805,33.13833336161773,-2.3278516582252737,2
458,-34.850968522483136,31.669317154993028,-2.5381086362844645,2
459,-32.49844993027592,31.368967384380515,-1.833783663118473,2
460,-34.575741545014566,32.942285656367396,-2.1227230823607037,2
461,-35.598220553112355,33.2131484273401,-3.7476697559145276,2
462,-34.92045714223387,30.315401165570453,-2.059783481491954,2
463,-35.35958262455031,32.14583933124625,-1.4017959503180675,2
464,-34.29946146049716,32.956871224924825,-0.986805907392384,2
465,-34.9327457470126,31.349693574125368,-2.2311318909939044,2
466,-36.39375159484946,30.416580910325564,-1.6373708777823661,2
467,-32.88609835925376,31.0972083059602,-2.148641359999041,2
468,-35.39434006287176,31.707897104061534,-1.1480415764194554,2
469,-35.95133329324326,30.83504654537129,0.018481176465060582,2
470,-33.57703595967235,32.449070982404635,-1.4431943247138705,2
471,-36.056047981112386,29.20461201905147,-0.43519921696782676,2
472,-33.121554571556764,27.732894862261446,-3.1072849154901077,2
473,-37.192465167520346,30.557676626642067,-0.6759343476556519,2
474,-34.47907022270416,30.325804543867495,-1.6854114094872104,2
475,-34.18769759671199,32.75605603424485,-0.5701300384735376,2
476,-34.214057749088106,30.927548325339586,-1.2727192070203646,2
477,-34.75547540807322,31.37479229407278,-1.0232850166238476,2
478,-35.22076881868703,31.16907621493448,-0.2928421298671051,2
479,-34.826064635114726,31.448811840489753,-2.3255019388903246,2
480,-33.846819092787975,30.592121752477553,-1.817552971023904,2
481,-37.26912905945724,30.92717235233563,-0.9868757390801854,2
482,-35.988427803382294,31.879277416075375,-0.25310597961222925,2
483,-33.98036816880783,30.90506417921165,-0.16870598161304692,2
484,-35.58961349142008,30.485684756010986,-1.3956971072386548,2
485,-36.134309477736544,30.693245485195447,-0.3597947237927384,2
486,-38.08680757863945,29.774658633087686,-1.8358562790361863,2
487,-35.05391810357522,31.955325063890943,0.17142211779371375,2
488,-36.54908604609476,31.416635292669724,-0.34494692664482274,2
489,-35.01346049869003,32.22772516351524,-1.11349306174398,2
490,-34.343859351310186,31.541903152523002,-0.18305846767779055,2
491,-36.24975449974157,30.777469009164573,-0.9917078210539539,2
492,-35.7615881540945,30.795539195705764,-1.7070223196927508,2
493,-35.50359466477872,29.854004396333124,-0.6381241954506645,2
494,-34.6632872516395,31.994992860316756,-1.0455254551463962,2
495,-36.238118006986106,32.037462169973175,-0.2271757166911752,2
496,-34.27517459756867,31.539606608391153,0.03482854662156693,2
497,-35.07981620741494,33.1238609075148,-0.8240793621673345,2
498,-34.339333894983746,31.645692913295672,-0.6756593592517379,2
499,-34.238981141644466,32.86169526583573,-0.2510994734359679,2
500,-33.25870488430221,32.9523496561816,-0.9686465781824555,2
501,-34.8737547634796,32.2289194630953,-2.354483857676506,2
502,-35.96354215540895,31.264843036213037,-1.9250266779108336,2
503,-35.051457372936426,31.95879006566863,-1.3038575396074659,2
504,-35.588488788991185,29.999140030721847,-2.458233071757641,2
505,-33.49537171798919,32.87092342722816,-0.8866120713437089,2
506,-36.01717964935371,32.22915743473939,-1.6179218359407024,2
507,-36.8289584073975,30.292309157882613,-1.3238776379088808,2
508,-34.35612143563601,33.11374925249252,-2.1260081217951585,2
509,-35.11929083190401,32.461034509977296,-0.10441727050492774,2
510,-35.34516111183794,30.85656775586303,-0.2661526758491807,2
511,-34.985136342987126,31.096167848125003,-0.9045256850164424,2
512,-34.30291356829789,32.84599000474601,-0.27238913997439845,2
513,-36.64590596113596,32.43689293356042,0.1963639348268887,2
514,-34.58619823035928,32.56154598602463,0.8579341964750151,2
515,-34.83869615801936,31.898687387464268,-0.5296155771248637,2
516,-36.143763724412366,30.978221225014696,-1.4906953573275192,2
517,-33.74812566972451,32.42764678257724,-0.7703458591239848,2
518,-36.061055578454756,30.377226245496928,-1.7480491140068815,2
519,-33.76114145657207,31.962754319185656,-0.7974722872140336,2
520,-36.641058071399385,32.71158541399103,-0.1378207137300691,2
521,-34.674178161356366,32.895258615994265,-0.4550921106631564,2
522,-33.10904310889639,31.994203292194303,-1.9790848642803665,2
523,-33.85058877206634,30.958532396979056,-2.742305878275623,2
524,-33.741139403972845,33.50923077044994,0.5916590882550732,2
525,-35.23529075224447,31.020230199699466,-1.4232960273153916,2
526,-35.3524368567562,32.979073078423795,-2.0310182035494977,2
527,-33.922968606900085,31.990843626925148,-0.28580089533011693,2
528,-35.52575878224914,30.884662366393787,-0.7616193182822063,2
529,-37.27975124519663,31.68880108952495,0.487971924657096,2
530,-34.933409804829864,33.25951653405828,0.03614277420718348,2
531,-35.197727594929965,32.64497252233656,-1.4757683442954297,2
532,-35.32921675061506,32.21599344946735,-0.7601090318420314,2
533,-35.03705105114303,31.408209684232364,-0.14815925026069932,2
534,-35.57068381514883,31.257842087462695,-0.9799615281029064,2
535,-35.104861746391464,31.954678439917902,-0.5174790491257741,2
536,-35.7723719652962,32.0288670408138,-1.333668314079022,2
537,-33.05811247899118,32.5385408138486,-0.6850983356717052,2
538,-36.3595616415843,29.463736342904113,-2.6111631580166392,2
539,-35.14837969814427,32.13004722606109,-0.28162891328240114,2
540,-35.960399083440606,31.942497762885843,-0.9337453261741486,2
541,-36.40705000474407,31.720553058852396,-0.4471087374809518,2
542,-34.58090419487061,31.562450463739513,-2.3071694798505233,2
543,-35.862714787141954,29.866975399551208,-2.2782093660746776,2
544,-34.670078591905956,31.906291726948044,-0.6319758154399111,2
545,-33.6360215477263,33.56668743171792,-0.15050512698495702,2
546,-35.11533816632292,32.724441754408474,-2.3226761036571033,2
547,-35.213169596444715,30.626457145356717,-0.6453274908502467,2
548,-32.94124014369926,31.55916486698413,-1.335424780865203,2
549,-32.744297159405434,31.956176509946328,-1.3595137158770416,2
550,-36.300809439461645,31.36897874879756,-1.8642892002995182,2
551,-36.02539973303311,31.797515191172636,-1.1767563195573503,2
552,-34.711476649284805,31.39905714914549,-1.1764867701484278,2
553,-34.69382229580683,32.302327060562945,-0.5198661043601576,2
554,-36.09319528233964,32.42382933916075,-1.1715430149863546,2
555,-34.60014027218825,32.72385604534674,-1.1389605142942982,2
556,-35.121721443494565,32.38730603491072,-0.7900269950309337,2
557,-34.735841326695926,32.30177335039779,-0.5813252545895338,2
558,-35.09053551585705,30.520419646219455,-1.1398170434763104,2
559,-34.47122080227036,30.841678445182374,-0.42198330275272655,2
560,-35.41941310412548,30.766004041847353,-2.060929019869697,2
561,-34.828212577323335,31.815187424312796,-1.0295303390379187,2
562,-34.900133519098475,32.861398053494646,-2.7925045385568796,2
563,-35.081871199405185,29.133498335125008,-0.9729924275028801,2
564,-34.596601995408854,33.06437119414744,-1.7393993918199662,2
565,-35.86371134122401,31.912309461024915,-0.26049009974863185,2
566,-34.12835524791517,32.23640813153459,0.5746821005177923,2
567,-35.42033351629888,30.90466605141486,-2.142298174035093,2
568,-34.462536760406444,30.905697526953798,-2.4374725787815654,2
569,-35.627644168080074,29.258200755438214,-1.876928167031785,2
570,-34.96103440964409,31.392789450156847,-0.9797678620891472,2
571,-35.30571951529221,30.311756035327498,-1.9763492949166717,2
572,-35.26197850759424,30.391205166095602,-1.424152133013719,2
573,-34.14548712662766,34.12575591530066,-0.5813072504720688,2
574,-33.485278141880464,33.19057372955927,-0.38728397185097774,2
575,-35.52800992774525,31.259308731534034,-0.8321537042667838,2
576,-37.991328700797055,28.45945703669782,-0.9231995409593033,2
577,-35.69780801262838,30.433238260217525,-1.1636454996762564,2
578,-36.714143226250364,31.875176218722178,-0.3718512222365619,2
579,-34.71303888529656,30.422277303660255,-1.6889922395278916,2
580,-33.97655199455136,31.07141906851857,-0.425024166862179,2
581,-34.337570154056245,32.96466963085721,-2.2903801052798594,2
582,-34.49783881716849,31.142552279325077,0.26845674863089736,2
583,-33.818022684491886,33.569212176464,-0.8911624138303365,2
584,-34.19086448902055,30.960045119460883,-1.3400362823366125,2
585,-34.7291901735219,33.30094156920936,-0.5018562612204645,2
586,-36.35348066103722,30.626022051809592,-1.4677845766571447,2
587,-36.55863423934805,30.621559911302764,-0.8952337900965573,2
588,-35.519975474400766,32.04686757140716,-2.2273971331897395,2
589,-33.34945232944662,32.874618804422795,-1.5603324915160066,2
590,-33.96874215918176,32.67450483667021,-1.8649588395654604,2
591,-34.800074705862315,31.644570023061053,-2.451884580678629,2
592,-33.965772283158564,32.1867706905083,-2.4905404256662473,2
593,-34.008394500234246,32.86824451825334,-0.9794091864979075,2
594,-33.77132735415588,31.540844973809445,-0.8009768539834132,2
595,-34.23961338928769,31.424891162104206,-1.4998758461910446,2
596,-33.65060368464866,32.76667840185426,-1.8594208870474715,2
597,-35.63747560936944,30.659792805830474,-1.4703858522001445,2
598,-35.43110574899875,31.996520703131516,-0.21203815234660103,2
599,-34.861205705070596,31.119263959917138,-1.4202874615147205,2
600,-32.12572245189335,32.731724537430885,-1.7490933051232471,2
601,-34.998537864786144,31.552746329580238,-1.7599612170829733,2
602,-33.79322744539756,33.72739210934826,-1.6756921255551518,2
603,-34.333287373620806,33.306776636079356,-1.5155817539797203,2
604,-34.31301351962237,32.23483583908352,-2.7092789428648256,2
605,-33.88377831114486,31.750533317484635,-2.1433910297588348,2
606,-34.59868496484585,30.717628113619323,-0.3870813775228794,2
607,-34.440322741474176,32.676136899588975,-0.44284910072993117,2
608,-35.11607513265766,32.18805486018612,-1.9033626831522763,2
609,-36.020003736113544,31.49679229516482,0.3777509354163103,2
610,-34.660239973662186,32.70875698689183,-2.4832655428290775,2
611,-33.5477804148733,29.916951257692375,-1.1916787433905855,2
612,-33.79415485555536,32.1113709224341,-2.3888875328706445,2
613,-35.84527157953656,30.76222115668608,-0.9527040624961578,2
614,-34.57469086788732,32.476945379043705,-2.3096662431141204,2
615,-34.02950870789353,32.7326413229852,-2.2363240513339413,2
616,-35.32502008277365,32.37282531573516,-1.8051514930137582,2
617,-34.39558299430115,30.743998087979556,-1.4214766770286646,2
618,-35.00401748058675,32.234479988982194,-1.9094459940679556,2
619,-34.30942136504124,32.44663494624027,-2.0535356648087744,2
620,-33.846096469698566,32.66608325736586,-1.9111721323202775,2
621,-34.667233447107634,31.842536068288204,-1.721965520381308,2
622,-33.71428223364654,31.64430917918565,-0.7137501924682303,2
623,-34.23550570735068,31.443689167981812,-0.9434838644864136,2
624,-34.862784925974395,31.35187270794921,-0.5302926863212388,2
625,-34.24715109537842,32.35728692047792,-1.4795269345543531,2
626,-33.89168046075112,31.3853770336219,0.17682445643931835,2
627,-35.2985796330945,31.13337387195843,0.5237382283264912,2
628,-34.54216709511825,32.02939979411496,-1.2117287787367432,2
629,-34.91477437118977,31.114050980859652,-1.56684461404251,2
630,-33.1094648060485,32.6373188499337,-1.2785550636755594,2
631,-34.106094302150545,31.95738071733949,-0.7502869397389961,2
632,-34.53571750749393,31.839715955757978,-1.3746664616664308,2
633,-36.41410943583501,30.580770355135126,-2.4867907901548865,2
634,-34.54272914274819,31.876895747265706,-2.6669654101124585,2
635,-33.343652719368016,32.50903306642014,-3.357587989787451,2
636,-34.0694894437963,31.826346547449713,-1.451586865680856,2
637,-33.43277591682701,31.787137020970757,-0.9400031307910341,2
638,-35.164003878313856,31.521305576617003,-0.12042505279054483,2
639,-33.45684568823033,31.689452833921763,-0.028845040927857623,2
640,-33.73460396219017,32.63087451696652,-2.2106187599591696,2
641,-33.89335929539987,31.112867575272904,-1.4999271333686066,2
642,-34.97123218708695,31.04844495841964,-0.830779391721498,2
643,-34.555879942116896,31.8505767642134,-1.5107862864170458,2
644,-34.72589579560207,33.10393404309146,-1.4238813078761199,2
645,-35.77623374951079,32.14207914766547,0.1873075841916395,2
646,-33.721964703590956,31.71119876416289,-1.7860485771899286,2
647,-32.94578607990246,33.16955743113152,-1.4534765049615135,2
648,-96.30658398077256,-21.219465895667746,0.29162093488220203,3
649,-96.24838686997055,-20.147492404690265,0.22731705260950907,3
650,-97.24722380524179,-21.11634132028514,0.48993620586567405,3
651,-99.24025292668507,-20.271070838103213,0.3367687833079849,3
652,-96.1704363592968,-21.330020891056282,0.08624080004174543,3
653,-96.53198123101083,-21.158799623910042,-0.48726351130205775,3
654,-98.47149153980476,-20.831618806429912,-0.18202128695952113,3
655,-97.23925907335371,-20.930280422765534,0.8317994726599406,3
656,-97.53549858178108,-20.534189291249437,0.5618925364713795,3
657,-97.25812970970583,-21.257538535098078,-0.33038956078530735,3
658,-96.8890149520041,-19.663967212055756,0.11059305637297724,3
659,-96.54736131271612,-22.059136689551305,0.40658415038871737,3
660,-97.04778031791098,-22.062728146586927,0.497624328306546,3
661,-96.0601513647981,-19.19990425061364,2.1703760841914153,3
662,-97.06570772381602,-20.112800147877113,0.323877243828646,3
663,-95.63661237127292,-20.10879558338186,1.4039144528726781,3
664,-96.435537547713,-19.702542497463547,2.4866948015628676,3
665,-96.75381457928425,-20.53517646626865,0.7623922187438615,3
666,-94.80190916156708,-19.675808735504916,1.266871611615531,3
667,-97.13454785050746,-19.69275115087948,2.2083487418542282,3
668,-97.85201963042961,-20.203790414365784,1.8921724347000237,3
669,-97.54165324224084,-19.886504241101193,1.1694654237127196,3
670,-96.74528431464395,-21.08331969617073,0.9800065465303405,3
671,-96.8471793317891,-21.121990474966267,0.1803602351727001,3
672,-96.46095723955655,-20.605722044412907,0.3492003759003262,3
673,-96.76461325356671,-20.812834842267307,1.5670961029842672,3
674,-95.55684415236905,-19.7238638133616,1.85104606724962,3
675,-96.96383994514274,-20.761717239482913,1.0824495365158926,3
676,-96.82788560509019,-21.058329167323187,1.5506574230636758,3
677,-96.80643440260948,-20.04189753991098,-0.9244468630952706,3
678,-97.18513390766174,-19.69111899583651,1.9594562456679268,3
679,-96.19975393736881,-19.043875088726907,0.8576125758155898,3
680,-95.44143926370947,-19.426184586644414,0.7240732615902655,3
681,-96.10924416476186,-21.881928537748507,0.7558141684447092,3
682,-96.76993595683128,-19.205336085939535,-0.11333877943781188,3
683,-96.45542092489565,-19.04885104335277,2.2813766503351935,3
684,-97.38173508592939,-20.36244618119149,0.031038332551864542,3
685,-96.3598755980113,-20.96296225196186,1.2733622172682286,3
686,-97.0451102934175,-19.357423287085467,0.10674296193957192,3
687,-96.29935420203917,-18.459180429480618,0.2928099774863059,3
688,-98.4823703567186,-20.89495341268931,0.6854374733050118,3
689,-96.73586283619295,-21.12992271352509,0.35835274732816197,3
690,-97.54818663019869,-19.175575281344543,2.1799313497808344,3
691,-96.02235624879671,-19.12697624654524,0.3832865877889769,3
692,-96.94848890828955,-18.689735592616163,2.459885274872392,3
693,-96.37694807229461,-19.746540120635604,0.10034582537373082,3
694,-96.1302177822092,-20.72712692655295,-0.5062526208668418,3
695,-96.61071146349677,-20.315639494403687,1.0990598298035004,3
696,-97.75861352752669,-18.042232246708657,1.776868501660484,3
697,-95.7572843666039,-20.71780948144155,0.5781138091962247,3
698,-96.21605729093343,-19.168733454636797,1.4619650796736456,3
699,-96.13269026394396,-19.088659024480805,0.8180394972575922,3
700,-94.69881648182103,-18.005509796321274,-0.4928008233488214,3
701,-97.24130051984265,-19.917673990475166,-0.20468260208919098,3
702,-96.56419387617545,-19.268961479926716,-0.22863736496807016,3
703,-95.96848133527979,-16.61515272500272,1.9284041448876823,3
704,-97.40230602614757,-18.586698660502226,1.5740581047074866,3
705,-97.37880418108215,-19.106353050941557,0.6521187299219336,3
706,-96.09925963602386,-18.662267339435964,-0.9111741436324274,3
707,-95.78208854474038,-18.28068331075949,1.0203328183267493,3
708,-95.27243461415094,-19.872546977793004,0.5354607230156747,3
709,-95.09416024079148,-17.209275874093347,0.8162176661164534,3
710,-97.16890128019016,-18.181581905401675,-3.5447298470380018,3
711,-95.78211264858791,-17.553823063677047,1.333285997646325,3
712,-96.34978494131984,-20.146563756063635,1.4503328078958617,3
713,-96.29405562472526,-18.608777821881493,1.1788491935177805,3
714,-95.82907664595737,-18.883938636236337,0.21869909047497485,3
715,-96.61162138469167,-19.47357401403313,1.0829985087423544,3
716,-95.75383254263767,-19.171680592176976,1.0641537912739756,3
717,-97.42175142739339,-18.25238896678768,-0.7149906395294587,3
718,-96.26330923982293,-20.199061644883407,-0.26978409962324085,3
719,-96.44767204435855,-19.670728217151833,1.406389747515157,3
720,-96.67718421279928,-19.83349273405074,0.5356932764693513,3
721,-97.464447630982,-20.177575452690377,1.1760558645920742,3
722,-95.74818797638697,-19.187796019344084,0.27722332989932275,3
723,-97.38851275978631,-19.02195956033849,0.3497978149368135,3
724,-98.16395178822742,-18.663580773204558,1.6498976077275973,3
725,-98.72442844772817,-18.06714410216356,0.4969350799537519,3
726,-96.2736295630698,-17.93832967993945,2.491504807181459,3
727,-97.67092498997458,-18.290114767795377,1.2024079356561679,3
728,-96.21754093676809,-19.92595464911282,0.9514336120108942,3
729,-97.28901341755426,-20.95711928541597,1.2097076336893953,3
730,-96.13907310535579,-20.240777508579566,0.759162423857793,3
731,-97.499673348769,-19.044743869407373,1.1885247504720342,3
732,-97.05068588959114,-17.167306803079455,0.493776290955638,3
733,-96.94139003476876,-19.513680465652826,0.9504177992631052,3
734,-96.07230400829086,-18.571787167062247,1.4285860902585914,3
735,-96.48395873833073,-20.652185021671354,1.0022393327861499,3
736,-96.33469339532007,-18.522926496095206,0.24014804025191286,3
737,-96.17997364201263,-17.690676915467304,2.2811623845598037,3
738,-97.77993408592378,-18.089664129969382,1.6099895405293008,3
739,-96.10397181614005,-19.216281091999715,0.5390216294499702,3
740,-96.47457890444946,-20.161885922314084,0.9465274479852874,3
741,-97.13292760230465,-17.259091977962377,1.246045498419417,3
742,-95.51418825567455,-19.757685806076182,2.441257423546725,3
743,-94.66989125201454,-21.33177604679146,1.6886757894427789,3
744,-96.6214761757563,-18.33731763519109,2.5423385771479916,3
745,-96.74491511981665,-19.030230017264532,1.2937221097786653,3
746,-96.81742192586236,-19.8861640625252,1.511499588201582,3
747,-96.66472956945714,-18.156713524326648,-0.2181998840275714,3
748,-96.24603834839226,-19.719035806405902,1.167357607284752,3
749,-95.54816761722847,-19.687841088956034,0.9486772011320648,3
750,-96.48725835101943,-19.06445313840035,0.7286890259237303,3
751,-96.59897141880823,-18.916737325641677,0.1225941985838717,3
752,-94.62098755497269,-17.743109817707563,-1.2638395293111586,3
753,-98.82508387809303,-19.730320789645877,2.109450836484406,3
754,-97.98351385745431,-18.586487351742335,3.6229353969505245,3
755,-98.27481098517266,-19.84190243554082,2.2206594752174933,3
756,-97.71467626503997,-20.144974482550477,0.85945704909817,3
757,-96.63450994613206,-19.587525200163817,1.0502006277924971,3
758,-94.64021466065802,-18.3641296726138,-1.2100708069802433,3
759,-97.18424530258238,-20.954515564191862,0.407782923474769,3
760,-94.77640958254226,-19.97326927692443,2.766886723916707,3
761,-96.11713182243778,-19.0853039064445,2.0221191015791344,3
762,-95.93632507116435,-18.528399472348905,0.1564169053221785,3
763,-95.1957278348386,-19.16602695721729,1.5460026720543862,3
764,-96.06006320068137,-19.170789838004815,1.6290449663446553,3
765,-96.42139553869531,-18.870623127715756,1.879662086429591,3
766,-95.57472273375656,-19.240656349492845,-0.17319687170098857,3
767,-94.08512768030651,-17.562602577890054,0.8416755491970945,3
768,-97.03112130085205,-19.708238916723417,1.5519057674803118,3
769,-95.31262423877051,-18.469657676102017,2.0994717561118845,3
770,-95.39319705481273,-20.22998281912749,2.1505356653689285,3
771,-95.28267019714842,-19.57655900376718,1.6761765430868691,3
772,-96.33903633211212,-22.891156298859773,0.8941901646993233,3
773,-96.55370340594574,-19.14806427166715,1.305511834093219,3
774,-96.84495387947456,-19.683187715107547,1.1549429091430619,3
775,-95.62782006703425,-19.382078955399813,1.430064171345161,3
776,-97.84563173164764,-19.12921844239631,-0.8706441742068085,3
777,-95.80708978341235,-20.95217157784251,0.5142270445899945,3
778,-97.9825395089922,-19.732980470909293,-1.432765105493771,3
779,-96.42551660872441,-19.12505604707558,0.251685639830083,3
780,-96.04588064231716,-17.848522981915636,1.3151239906573746,3
781,-96.07635404201807,-19.09666792196208,-1.2496997964793537,3
782,-94.76216788508408,-18.181470019849776,-0.25126890981233796,3
783,-97.38196686288427,-18.05965272116459,0.8408026553350358,3
784,-92.8683172099806,-18.256148207694302,0.29816241170200025,3
785,-94.87207817951364,-17.87795344950774,-1.2639292059109557,3
786,-97.62692235316956,-18.140094508692798,-2.983680942041473,3
787,-95.66713624176379,-19.35070212852166,2.8219695508242264,3
788,-98.31786068743307,-19.38470083088556,2.1544088158835013,3
789,-96.6864755118917,-18.109362884896477,0.18009419226562545,3
790,-96.16483619892684,-18.721806577692973,1.132997319035822,3
791,-95.77323586203607,-18.092561179364758,0.6546420029465527,3
792,-94.97729835487627,-20.379075899666898,1.4173583344406138,3
793,-97.04967399488517,-20.77091416243415,-0.7451986535509459,3
794,-96.73484165933073,-21.76613634788594,0.7567776025945555,3
795,-96.1491180072674,-19.9405794140732,0.9931909696177885,3
796,-95.97210565854353,-21.290332918591325,2.6078965844860242,3
797,-96.24972679435777,-19.983924651912847,0.20070848098790894,3
798,-97.09235995751334,-22.440477020609144,-0.7519373111752122,3
799,-96.07022974533456,-20.98369897230441,0.9798829557156354,3
800,-95.66482672426142,-18.902184273124416,2.395015677088923,3
801,-94.88689903372483,-20.853622801061956,0.7577437427103434,3
802,-96.99297017445015,-20.5469925447903,1.5712954778277317,3
803,-95.3332096505849,-20.40529132536064,1.1159346695907713,3
804,-96.04267008463806,-18.723888575930832,2.2776514411753896,3
805,-95.97808377297241,-18.942436889075484,2.394411034189965,3
806,-96.25271331070903,-20.351533395166072,1.9738833851838198,3
807,-96.24908042177283,-18.64887916739576,-0.690495044362723,3
808,-96.52334479905902,-20.388930465771633,0.37752955569495933,3
809,-96.26498665833657,-19.734852715455908,0.0204112443034902,3
810,-96.2014972080189,-20.962186213982942,-0.14409680544513073,3
811,-96.19053050536796,-20.396383461707995,1.5133224568721269,3
812,-95.20845559540494,-20.23450625606478,0.30285708314429266,3
813,-96.76654526530236,-20.120780787324946,2.7618855450531585,3
814,-97.86954211030341,-20.10623883194593,1.5332342831023469,3
815,-95.59605208103419,-18.921790836550894,2.266448084107844,3
816,-96.374678132399,-20.320813554688772,1.5572748489326043,3
817,-97.09199104075005,-21.65126391059988,0.5536300721389249,3
818,-95.91080113154284,-19.060099195538204,2.042478799816819,3
819,-95.97555806555484,-19.624045552726507,-0.10323954988408736,3
820,-96.09577097985678,-19.64399910535656,1.2888441654312772,3
821,-94.91888143750981,-19.195243044520854,-0.28269329742067884,3
822,-96.26312849372049,-18.866925691831003,1.089631716992979,3
823,-97.21244356773833,-19.207981753226235,2.3725942382147664,3
824,-96.75829477515974,-18.985778390439368,2.9659904007624625,3
825,-96.81025795944589,-18.43943621694168,1.8535223069236089,3
826,-93.02580206886789,-18.24333220176853,1.029371081799938,3
827,-97.0434317468338,-22.701167047426384,0.06994027089496234,3
828,-94.76271193052668,-19.702759182930233,-1.5826401173657796,3
829,-96.19958494050782,-18.04896395104594,-0.11739377124392081,3
830,-95.64368174697849,-20.641387762821733,0.6954392701876925,3
831,-95.42793879761813,-22.850597299708507,2.547647935972791,3
832,-97.14328404733823,-21.36217848118201,0.9361434874124727,3
833,-97.02297383161478,-19.952137253257543,1.430521143126848,3
834,-96.27881153455623,-19.117469429104748,2.3845193476632334,3
835,-95.63273647943116,-18.781980399543297,0.6945749946409764,3
836,-96.38204666976397,-21.687018583711264,0.7443958648485112,3
837,-97.22350404014598,-22.49362522584403,-0.5684682739940464,3
838,-97.86453476344957,-20.656601840036224,0.46161571871917606,3
839,-98.01746370422948,-21.422928204423002,0.35958174597612197,3
840,-96.49408644641827,-20.718801022295732,0.7705989353747118,3
841,-95.78710868750423,-21.081609527554527,1.405278927243425,3
842,-96.8150714445316,-19.724446910922016,1.3562901708354327,3
843,-95.29755968879408,-19.736081953257912,1.6007859550577208,3
844,-95.8342862925001,-18.681017132623342,1.6478204340701599,3
845,-95.77379683101125,-19.978062662759346,1.8194931707582125,3
846,-96.8112430426834,-20.554016697243018,1.1005043763532998,3
847,-96.1184560505004,-19.704370665749266,1.7669597108673232,3
848,-96.35657724636076,-19.77397218080819,0.30969672021441286,3
849,-95.84550457733778,-18.53119599404326,-1.5809521468218883,3
850,-96.25767365404828,-19.949402164682436,0.132076467481812,3
851,-94.55397095413927,-20.12976692136524,0.742746052141462,3
852,-95.42214848241281,-19.175451351385856,-0.40422840456258907,3
853,-97.0491014669306,-21.406544580631788,-0.3216532763433962,3
854,-97.89302290345687,-21.43177412959111,0.8445181780511984,3
855,-95.49482883185358,-19.31112076640436,-0.040254047248168626,3
856,-95.15846888959011,-19.26555091622026,0.523481819814752,3
857,-95.67765057914208,-18.230252430871683,2.2084849704397294,3
858,-94.73090336368756,-20.54404988852329,0.8009524094009222,3
859,-97.48836792709662,-19.41993719615354,1.0287264228491562,3
860,-97.68600933182135,-20.04324932593822,1.3823567629444327,3
861,-97.4687747685794,-19.73427300105231,-0.2856672126989267,3
862,-97.86764877504159,-21.752524805325926,0.6425520051358791,3
863,-96.19422246225976,-18.269703795249722,1.6383291067126335,3
